{
    "loss": 1.1185798645019531,
    "accuracy": 0.446153849363327
}