{
    "loss": 1.1674244403839111,
    "accuracy": 0.446153849363327
}