{
    "loss": 1.0641725063323975,
    "accuracy": 0.5641025900840759
}